seq,code,geo_longitude,geo_latitude,business_hour,skills
0,W465,103.9449551,1.38196106,0:2300:2301;1:0830:0570;2:0830:0570;3:0830:0570;4:0830:0570;5:0830:0570;6:0830:0240,cust:SMB;cust:Individual;prod:AC;prod:Kitchen;assign:0;assign:465
1,W464,103.7981063,1.287248408,0:2300:2301;1:0830:0570;2:0830:0570;3:0830:0570;4:0830:0570;5:0830:0570;6:0830:0240,cust:SMB;cust:KA;prod:Plumber;prod:AC;assign:0;assign:464
2,W2031,103.789473,1.433866986,0:2300:2301;1:0830:0570;2:0830:0570;3:0830:0570;4:0830:0570;5:0830:0570;6:0830:0240,cust:KA;cust:SMB;cust:Individual;prod:Kitchen;prod:AC;assign:0;assign:2031
3,W2770,103.8756518,1.359794181,0:2300:2301;1:0830:0570;2:0830:0570;3:0830:0570;4:0830:0570;5:0830:0570;6:0830:0240,cust:Individual;cust:KA;prod:TV;prod:AC;assign:0;assign:2770
4,W1179,103.9468298,1.329530254,0:2300:2301;1:0830:0570;2:0830:0570;3:0830:0570;4:0830:0570;5:0830:0570;6:0830:0240,cust:Individual;cust:KA;prod:TV;prod:Plumber;assign:0;assign:1179
5,W443,103.7900004,1.279994341,0:2300:2301;1:0830:0570;2:0830:0570;3:0830:0570;4:0830:0570;5:0830:0570;6:0830:0240,cust:SMB;cust:KA;prod:Plumber;prod:TV;assign:0;assign:443
